{
  "class_counts": {
    "0": 71124,
    "1": 3554,
    "2": 131,
    "3": 0,
    "4": 19304,
    "5": 1887
  },
  "class_labels": [
    0,
    1,
    2,
    3,
    4,
    5
  ],
  "feature_columns": [
    "initial_terrain_code",
    "initial_class_index",
    "is_initial_settlement",
    "initial_has_port",
    "neighbor_count",
    "neighbor_unique_terrain",
    "neighbor_ocean_count",
    "neighbor_plains_count",
    "neighbor_settlement_count",
    "neighbor_port_count",
    "neighbor_ruin_count",
    "neighbor_forest_count",
    "neighbor_mountain_count",
    "coast_adjacent",
    "terrain_edge_count"
  ],
  "floor_distribution": [
    0.6581811458333394,
    0.1138004687500023,
    0.007604583333333113,
    0.010414531249994387,
    0.1903430208333308,
    0.01965624999999999
  ],
  "min_samples_leaf": 5,
  "model_type": "random_forest_regressor",
  "n_estimators": 300,
  "neighborhood_radius": 1,
  "random_state": 0,
  "records_used": 96000,
  "round_ids": [
    "2a341ace-0f57-4309-9b89-e59fe0f09179",
    "324fde07-1670-4202-b199-7aa92ecb40ee",
    "36e581f1-73f8-453f-ab98-cbe3052b701b",
    "71451d74-be9f-471f-aacd-a41f3b68a9cd",
    "75e625c3-60cb-4392-af3e-c86a98bde8c2",
    "76909e29-f664-4b2f-b16b-61b7507277e9",
    "795bfb1f-54bd-4f39-a526-9868b36f7ebd",
    "8e839974-b13b-407b-a5e7-fc749d877195",
    "ae78003a-4efe-425a-881a-d16a39bca0ad",
    "c5cdf100-a876-4fb7-b5d8-757162c97989",
    "f1dac9a9-5cf1-49a9-8f17-d6cb5d5ba5cb",
    "fd3c92ff-3178-4dc9-8d9b-acf389b3982b"
  ],
  "round_numbers": [
    1,
    2,
    3,
    4,
    5,
    6,
    7,
    8,
    9,
    10,
    11,
    12
  ],
  "rounds_used": 12,
  "target_mass": {
    "0": 63185.390000000625,
    "1": 10924.845000000227,
    "2": 730.0399999999793,
    "3": 999.7949999994618,
    "4": 18272.929999999767,
    "5": 1887.0
  }
}