{
  "class_counts": {
    "0": 41754,
    "1": 1727,
    "2": 51,
    "3": 0,
    "4": 11346,
    "5": 1122
  },
  "class_labels": [
    0,
    1,
    2,
    3,
    4,
    5
  ],
  "feature_columns": [
    "initial_terrain_code",
    "initial_class_index",
    "is_initial_settlement",
    "initial_has_port",
    "neighbor_count",
    "neighbor_unique_terrain",
    "neighbor_ocean_count",
    "neighbor_plains_count",
    "neighbor_settlement_count",
    "neighbor_port_count",
    "neighbor_ruin_count",
    "neighbor_forest_count",
    "neighbor_mountain_count",
    "coast_adjacent",
    "terrain_edge_count"
  ],
  "floor_distribution": [
    0.650531071428568,
    0.12144598214286266,
    0.00873276785714268,
    0.01215151785713756,
    0.18710294642857495,
    0.020035714285714084
  ],
  "min_samples_leaf": 5,
  "model_type": "random_forest_regressor",
  "n_estimators": 300,
  "neighborhood_radius": 1,
  "random_state": 0,
  "records_used": 56000,
  "round_ids": [
    "36e581f1-73f8-453f-ab98-cbe3052b701b",
    "71451d74-be9f-471f-aacd-a41f3b68a9cd",
    "76909e29-f664-4b2f-b16b-61b7507277e9",
    "8e839974-b13b-407b-a5e7-fc749d877195",
    "ae78003a-4efe-425a-881a-d16a39bca0ad",
    "f1dac9a9-5cf1-49a9-8f17-d6cb5d5ba5cb",
    "fd3c92ff-3178-4dc9-8d9b-acf389b3982b"
  ],
  "round_numbers": [
    1,
    2,
    3,
    4,
    5,
    6,
    7
  ],
  "rounds_used": 7,
  "target_mass": {
    "0": 36429.74000000018,
    "1": 6800.975000000378,
    "2": 489.0349999999951,
    "3": 680.4849999997102,
    "4": 10477.765000000303,
    "5": 1122.0
  }
}