{
  "class_counts": {
    "0": 54041,
    "1": 1731,
    "2": 51,
    "3": 0,
    "4": 14771,
    "5": 1406
  },
  "class_labels": [
    0,
    1,
    2,
    3,
    4,
    5
  ],
  "feature_columns": [
    "initial_terrain_code",
    "initial_class_index",
    "is_initial_settlement",
    "initial_has_port",
    "neighbor_count",
    "neighbor_unique_terrain",
    "neighbor_ocean_count",
    "neighbor_plains_count",
    "neighbor_settlement_count",
    "neighbor_port_count",
    "neighbor_ruin_count",
    "neighbor_forest_count",
    "neighbor_mountain_count",
    "coast_adjacent",
    "terrain_edge_count"
  ],
  "floor_distribution": [
    0.6593964583333313,
    0.11029416666667242,
    0.007722083333333101,
    0.01146673611110598,
    0.1915927777777799,
    0.01952777777777744
  ],
  "min_samples_leaf": 5,
  "model_type": "random_forest_regressor",
  "n_estimators": 300,
  "neighborhood_radius": 1,
  "random_state": 0,
  "records_used": 72000,
  "round_ids": [
    "2a341ace-0f57-4309-9b89-e59fe0f09179",
    "36e581f1-73f8-453f-ab98-cbe3052b701b",
    "71451d74-be9f-471f-aacd-a41f3b68a9cd",
    "76909e29-f664-4b2f-b16b-61b7507277e9",
    "8e839974-b13b-407b-a5e7-fc749d877195",
    "ae78003a-4efe-425a-881a-d16a39bca0ad",
    "c5cdf100-a876-4fb7-b5d8-757162c97989",
    "f1dac9a9-5cf1-49a9-8f17-d6cb5d5ba5cb",
    "fd3c92ff-3178-4dc9-8d9b-acf389b3982b"
  ],
  "round_numbers": [
    1,
    2,
    3,
    4,
    5,
    6,
    7,
    8,
    9
  ],
  "rounds_used": 9,
  "target_mass": {
    "0": 47476.545000000675,
    "1": 7941.180000000552,
    "2": 555.989999999993,
    "3": 825.604999999645,
    "4": 13794.680000000391,
    "5": 1406.0
  }
}